camel-ai	dr_cross_deep_0044
deerflow	dr_cross_deep_0031
deerflow	dr_cross_deep_0032
deerflow	dr_cross_deep_0033
deerflow	dr_cross_deep_0034
deerflow	dr_cross_deep_0035
deerflow	dr_cross_deep_0036
deerflow	dr_cross_deep_0037
deerflow	dr_cross_deep_0038
deerflow	dr_cross_deep_0039
deerflow	dr_cross_deep_0040
deerflow	dr_cross_deep_0041
deerflow	dr_cross_deep_0042
deerflow	dr_cross_deep_0043
deerflow	dr_cross_deep_0044
deerflow	dr_cross_deep_0045
deerflow	dr_cross_deep_0046
deerflow	dr_cross_deep_0047
deerflow	dr_cross_deep_0048
deerflow	dr_cross_deep_0049
deerflow	dr_cross_deep_0050
deerflow	dr_cross_deep_0051
deerflow	dr_cross_deep_0052
deerflow	dr_cross_deep_0053
deerflow	dr_cross_deep_0054
deerflow	dr_cross_deep_0055
deerflow	dr_cross_deep_0056
deerflow	dr_cross_deep_0057
flowsearcher-ds	dr_cross_deep_0049
flowsearcher-ds	dr_cross_deep_0050
flowsearcher-ds	dr_cross_deep_0051
flowsearcher-ds	dr_cross_deep_0052
flowsearcher-ds	dr_cross_deep_0053
flowsearcher-ds	dr_cross_deep_0054
flowsearcher-ds	dr_cross_deep_0055
flowsearcher-ds	dr_cross_deep_0056
flowsearcher-ds	dr_cross_deep_0057
gpt-researcher	dr_cross_deep_0031
gpt-researcher	dr_cross_deep_0032
gpt-researcher	dr_cross_deep_0033
gpt-researcher	dr_cross_deep_0034
gpt-researcher	dr_cross_deep_0035
gpt-researcher	dr_cross_deep_0036
gpt-researcher	dr_cross_deep_0037
gpt-researcher	dr_cross_deep_0038
gpt-researcher	dr_cross_deep_0039
gpt-researcher	dr_cross_deep_0040
gpt-researcher	dr_cross_deep_0041
gpt-researcher	dr_cross_deep_0042
gpt-researcher	dr_cross_deep_0043
gpt-researcher	dr_cross_deep_0044
gpt-researcher	dr_cross_deep_0045
gpt-researcher	dr_cross_deep_0046
gpt-researcher	dr_cross_deep_0047
gpt-researcher	dr_cross_deep_0048
gpt-researcher	dr_cross_deep_0049
gpt-researcher	dr_cross_deep_0050
gpt-researcher	dr_cross_deep_0051
gpt-researcher	dr_cross_deep_0052
gpt-researcher	dr_cross_deep_0053
gpt-researcher	dr_cross_deep_0054
gpt-researcher	dr_cross_deep_0055
gpt-researcher	dr_cross_deep_0056
gpt-researcher	dr_cross_deep_0057
ii-researcher	dr_cross_deep_0031
ii-researcher	dr_cross_deep_0032
ii-researcher	dr_cross_deep_0033
ii-researcher	dr_cross_deep_0034
ii-researcher	dr_cross_deep_0035
ii-researcher	dr_cross_deep_0036
ii-researcher	dr_cross_deep_0037
ii-researcher	dr_cross_deep_0038
ii-researcher	dr_cross_deep_0039
ii-researcher	dr_cross_deep_0040
ii-researcher	dr_cross_deep_0041
ii-researcher	dr_cross_deep_0042
ii-researcher	dr_cross_deep_0043
ii-researcher	dr_cross_deep_0044
ii-researcher	dr_cross_deep_0045
ii-researcher	dr_cross_deep_0046
ii-researcher	dr_cross_deep_0047
ii-researcher	dr_cross_deep_0048
ii-researcher	dr_cross_deep_0049
ii-researcher	dr_cross_deep_0050
ii-researcher	dr_cross_deep_0051
ii-researcher	dr_cross_deep_0052
ii-researcher	dr_cross_deep_0053
ii-researcher	dr_cross_deep_0054
ii-researcher	dr_cross_deep_0055
ii-researcher	dr_cross_deep_0056
ii-researcher	dr_cross_deep_0057
langchain-odr	dr_cross_deep_0031
langchain-odr	dr_cross_deep_0032
langchain-odr	dr_cross_deep_0033
langchain-odr	dr_cross_deep_0034
langchain-odr	dr_cross_deep_0035
langchain-odr	dr_cross_deep_0036
langchain-odr	dr_cross_deep_0037
langchain-odr	dr_cross_deep_0038
langchain-odr	dr_cross_deep_0039
langchain-odr	dr_cross_deep_0040
langchain-odr	dr_cross_deep_0041
langchain-odr	dr_cross_deep_0042
langchain-odr	dr_cross_deep_0043
langchain-odr	dr_cross_deep_0044
langchain-odr	dr_cross_deep_0045
langchain-odr	dr_cross_deep_0046
langchain-odr	dr_cross_deep_0047
langchain-odr	dr_cross_deep_0048
langchain-odr	dr_cross_deep_0049
langchain-odr	dr_cross_deep_0050
langchain-odr	dr_cross_deep_0051
langchain-odr	dr_cross_deep_0052
langchain-odr	dr_cross_deep_0053
langchain-odr	dr_cross_deep_0054
langchain-odr	dr_cross_deep_0055
langchain-odr	dr_cross_deep_0056
langchain-odr	dr_cross_deep_0057
ldr	dr_cross_deep_0031
ldr	dr_cross_deep_0032
ldr	dr_cross_deep_0033
ldr	dr_cross_deep_0034
ldr	dr_cross_deep_0035
ldr	dr_cross_deep_0036
ldr	dr_cross_deep_0037
ldr	dr_cross_deep_0038
ldr	dr_cross_deep_0039
ldr	dr_cross_deep_0040
ldr	dr_cross_deep_0041
ldr	dr_cross_deep_0042
ldr	dr_cross_deep_0043
ldr	dr_cross_deep_0044
ldr	dr_cross_deep_0045
ldr	dr_cross_deep_0046
ldr	dr_cross_deep_0047
ldr	dr_cross_deep_0048
ldr	dr_cross_deep_0049
ldr	dr_cross_deep_0050
ldr	dr_cross_deep_0051
ldr	dr_cross_deep_0052
ldr	dr_cross_deep_0053
ldr	dr_cross_deep_0054
ldr	dr_cross_deep_0055
ldr	dr_cross_deep_0056
ldr	dr_cross_deep_0057
qx-agents	dr_cross_deep_0031
qx-agents	dr_cross_deep_0032
qx-agents	dr_cross_deep_0033
qx-agents	dr_cross_deep_0034
qx-agents	dr_cross_deep_0035
qx-agents	dr_cross_deep_0036
qx-agents	dr_cross_deep_0037
qx-agents	dr_cross_deep_0038
qx-agents	dr_cross_deep_0039
qx-agents	dr_cross_deep_0040
qx-agents	dr_cross_deep_0041
qx-agents	dr_cross_deep_0042
qx-agents	dr_cross_deep_0043
qx-agents	dr_cross_deep_0044
qx-agents	dr_cross_deep_0045
qx-agents	dr_cross_deep_0046
qx-agents	dr_cross_deep_0047
qx-agents	dr_cross_deep_0048
qx-agents	dr_cross_deep_0049
qx-agents	dr_cross_deep_0050
qx-agents	dr_cross_deep_0051
qx-agents	dr_cross_deep_0052
qx-agents	dr_cross_deep_0053
qx-agents	dr_cross_deep_0054
qx-agents	dr_cross_deep_0055
qx-agents	dr_cross_deep_0056
qx-agents	dr_cross_deep_0057
smolagents	dr_cross_deep_0031
smolagents	dr_cross_deep_0032
smolagents	dr_cross_deep_0033
smolagents	dr_cross_deep_0034
smolagents	dr_cross_deep_0035
smolagents	dr_cross_deep_0036
smolagents	dr_cross_deep_0037
smolagents	dr_cross_deep_0038
smolagents	dr_cross_deep_0039
smolagents	dr_cross_deep_0040
smolagents	dr_cross_deep_0041
smolagents	dr_cross_deep_0042
smolagents	dr_cross_deep_0043
smolagents	dr_cross_deep_0044
smolagents	dr_cross_deep_0045
smolagents	dr_cross_deep_0046
smolagents	dr_cross_deep_0047
smolagents	dr_cross_deep_0048
smolagents	dr_cross_deep_0049
smolagents	dr_cross_deep_0050
smolagents	dr_cross_deep_0051
smolagents	dr_cross_deep_0052
smolagents	dr_cross_deep_0053
smolagents	dr_cross_deep_0054
smolagents	dr_cross_deep_0055
smolagents	dr_cross_deep_0056
smolagents	dr_cross_deep_0057
storm	dr_cross_deep_0031
storm	dr_cross_deep_0032
storm	dr_cross_deep_0033
storm	dr_cross_deep_0034
storm	dr_cross_deep_0035
storm	dr_cross_deep_0036
storm	dr_cross_deep_0037
storm	dr_cross_deep_0038
storm	dr_cross_deep_0039
storm	dr_cross_deep_0040
storm	dr_cross_deep_0041
storm	dr_cross_deep_0042
storm	dr_cross_deep_0043
storm	dr_cross_deep_0044
storm	dr_cross_deep_0045
storm	dr_cross_deep_0046
storm	dr_cross_deep_0047
storm	dr_cross_deep_0048
storm	dr_cross_deep_0049
storm	dr_cross_deep_0050
storm	dr_cross_deep_0051
storm	dr_cross_deep_0052
storm	dr_cross_deep_0053
storm	dr_cross_deep_0054
storm	dr_cross_deep_0055
storm	dr_cross_deep_0056
storm	dr_cross_deep_0057
